{
  "ZMQ_CLIENT_PP_TO:ipc://./_socks/tmp": {
    "start": 1684742348.328846,
    "stop": 1684742350.781954,
    "running": 2.453108072280884,
    "bandwidth": 2564.6876593375055
  },
  "ZMQ_CLIENT_PP_TO:inproc://tmp": {
    "start": 1684742342.048867,
    "stop": 1684742344.488106,
    "running": 2.439239025115967,
    "bandwidth": 2579.269983474002
  }
}
